{"f1": 0.47080964626826693, "precison": 0.6568022718193406, "accuracy": 0.592319336750706, "recall": 0.366944295618241}